{
  "space": "APPS",
  "lang": null,
  "n": 40,
  "n_total": 40,
  "num_samples": 8,
  "batch_size": 4,
  "seed": 42,
  "device": "cpu",
  "spearman": 0.9374237733370859,
  "pearson": 0.920236967571928,
  "mse": 7568434.826,
  "nan_rate": 0.0
}